file_path,sec,len,cnt
results/deeplll/ndim10seed0cnt1000dim10delta0.98999995.txt,3.951,486,6316
results/deeplll/ndim10seed0cnt1000dim10delta1.txt,3.978,517,6613
results/deeplll/ndim10seed1cnt1000dim10delta0.98999995.txt,3.936,507,6723
results/deeplll/ndim10seed1cnt1000dim10delta1.txt,4.602,540,7145
results/deeplll/ndim10seed2cnt1000dim10delta0.98999995.txt,3.463,457,6255
results/deeplll/ndim10seed2cnt1000dim10delta1.txt,3.434,470,6318
results/deeplll/ndim10seed3cnt1000dim10delta0.98999995.txt,3.302,432,5833
results/deeplll/ndim10seed3cnt1000dim10delta1.txt,3.521,451,5986
results/deeplll/ndim10seed4cnt1000dim10delta0.98999995.txt,4.524,521,6926
results/deeplll/ndim10seed4cnt1000dim10delta1.txt,4.75,561,7328
results/deeplll/ndim15seed0cnt1000dim15delta0.98999995.txt,34.702,1270,28650
results/deeplll/ndim15seed0cnt1000dim15delta1.txt,36.507,1344,30118
results/deeplll/ndim15seed1cnt1000dim15delta0.98999995.txt,41.999,1428,33922
results/deeplll/ndim15seed1cnt1000dim15delta1.txt,41.844,1520,35494
results/deeplll/ndim15seed2cnt1000dim15delta0.98999995.txt,40.254,1322,31225
results/deeplll/ndim15seed2cnt1000dim15delta1.txt,43.913,1495,34596
results/deeplll/ndim15seed3cnt1000dim15delta0.98999995.txt,52.038,1473,33677
results/deeplll/ndim15seed3cnt1000dim15delta1.txt,41.105,1605,35870
results/deeplll/ndim15seed4cnt1000dim15delta0.98999995.txt,40.43,1246,27588
results/deeplll/ndim15seed4cnt1000dim15delta1.txt,36.629,1272,28022
results/deeplll/ndim20seed0cnt1000dim20delta0.98999995.txt,243.222,3245,105291
results/deeplll/ndim20seed0cnt1000dim20delta1.txt,315.913,4027,128064
results/deeplll/ndim20seed1cnt1000dim20delta0.98999995.txt,469.306,3490,111398
results/deeplll/ndim20seed1cnt1000dim20delta1.txt,284.294,3959,123890
results/deeplll/ndim20seed2cnt1000dim20delta0.98999995.txt,258.731,3659,120158
results/deeplll/ndim20seed2cnt1000dim20delta1.txt,312.895,4068,129845
results/deeplll/ndim20seed3cnt1000dim20delta0.98999995.txt,181.244,3127,100218
results/deeplll/ndim20seed3cnt1000dim20delta1.txt,192.012,3373,105817
results/deeplll/ndim20seed4cnt1000dim20delta0.98999995.txt,192.106,3028,97430
results/deeplll/ndim20seed4cnt1000dim20delta1.txt,197.584,3296,103673
results/deeplll/ndim25seed0cnt1000dim25delta0.98999995.txt,773.847,6555,278599
results/deeplll/ndim25seed0cnt1000dim25delta1.txt,931.501,7998,326905
results/deeplll/ndim25seed1cnt1000dim25delta0.98999995.txt,916.706,6922,301272
results/deeplll/ndim25seed1cnt1000dim25delta1.txt,893.805,7813,317031
results/deeplll/ndim25seed2cnt1000dim25delta0.98999995.txt,779.242,6693,274690
results/deeplll/ndim25seed2cnt1000dim25delta1.txt,936.078,8259,333845
results/deeplll/ndim25seed3cnt1000dim25delta0.98999995.txt,813.665,6518,276279
results/deeplll/ndim25seed3cnt1000dim25delta1.txt,1030.002,8674,353967
results/deeplll/ndim25seed4cnt1000dim25delta0.98999995.txt,915.457,7051,297947
results/deeplll/ndim25seed4cnt1000dim25delta1.txt,1087.72,8608,344845
results/deeplll/ndim30seed0cnt1000dim30delta0.98999995.txt,2455.266,11944,600437
results/deeplll/ndim30seed0cnt1000dim30delta1.txt,3065.239,15218,747828
results/deeplll/ndim30seed1cnt1000dim30delta0.98999995.txt,2462.578,12261,616679
results/deeplll/ndim30seed1cnt1000dim30delta1.txt,2883.421,15072,742247
results/deeplll/ndim30seed2cnt1000dim30delta0.98999995.txt,2634.144,12651,653449
results/deeplll/ndim30seed2cnt1000dim30delta1.txt,3091.573,15470,764686
results/deeplll/ndim30seed3cnt1000dim30delta0.98999995.txt,2553.992,11441,571593
results/deeplll/ndim30seed3cnt1000dim30delta1.txt,3240.262,16589,803927
results/deeplll/ndim30seed4cnt1000dim30delta0.98999995.txt,2547.59,12579,646361
results/deeplll/ndim30seed4cnt1000dim30delta1.txt,2972.224,15400,753802
results/deeplll/ndim35seed0cnt1000dim35delta0.98999995.txt,9027.866,24239,1505015
results/deeplll/ndim35seed0cnt1000dim35delta1.txt,11518.945,33381,1990870
results/deeplll/ndim35seed1cnt1000dim35delta0.98999995.txt,8404.405,22975,1382519
results/deeplll/ndim35seed1cnt1000dim35delta1.txt,11312.363,31369,1800411
results/deeplll/ndim35seed2cnt1000dim35delta0.98999995.txt,10738.108,21574,1289467
results/deeplll/ndim35seed2cnt1000dim35delta1.txt,8937.787,25067,1424304
results/deeplll/ndim35seed3cnt1000dim35delta0.98999995.txt,8365.275,21214,1285218
results/deeplll/ndim35seed3cnt1000dim35delta1.txt,11168.374,31244,1812803
results/deeplll/ndim35seed4cnt1000dim35delta0.98999995.txt,7951.469,22677,1358346
results/deeplll/ndim35seed4cnt1000dim35delta1.txt,9806.392,29246,1700851
results/deeplll/svpchallengedim40seed0.txt,13.255,742,7131
results/deeplll/svpchallengedim40seed0dim10delta0.98999995.txt,14.094,717,6932
results/deeplll/svpchallengedim40seed0dim10delta1.txt,13.463,742,7131
results/deeplll/svpchallengedim40seed0dim15delta0.98999995.txt,163.919,1774,32610
results/deeplll/svpchallengedim40seed0dim15delta1.txt,163.79,1883,34512
results/deeplll/svpchallengedim40seed0dim20delta0.98999995.txt,831.278,3788,102576
results/deeplll/svpchallengedim40seed0dim20delta1.txt,985.008,4202,111518
results/deeplll/svpchallengedim40seed0dim25delta0.98999995.txt,3665.797,7995,297713
results/deeplll/svpchallengedim40seed0dim25delta1.txt,4180.712,9036,329646
results/deeplll/svpchallengedim40seed0dim30delta0.98999995.txt,10585.122,14587,682767
results/deeplll/svpchallengedim40seed0dim30delta1.txt,13176.303,17425,787041
results/deeplll/svpchallengedim40seed0dim35delta1.txt,38788.59,33392,1819100
results/deeplll/svpchallengedim40seed1dim10delta0.98999995.txt,15.378,778,7123
results/deeplll/svpchallengedim40seed1dim10delta1.txt,15.519,801,7265
results/deeplll/svpchallengedim40seed1dim15delta0.98999995.txt,119.847,1691,29289
results/deeplll/svpchallengedim40seed1dim15delta1.txt,132.318,1853,32422
results/deeplll/svpchallengedim40seed1dim20delta0.98999995.txt,693.343,3736,100520
results/deeplll/svpchallengedim40seed1dim20delta1.txt,860.222,4564,124505
results/deeplll/svpchallengedim40seed1dim25delta0.98999995.txt,3164.791,8135,304078
results/deeplll/svpchallengedim40seed1dim25delta1.txt,3633.428,9430,340199
results/deeplll/svpchallengedim40seed1dim30delta0.98999995.txt,10312.603,14938,701133
results/deeplll/svpchallengedim40seed1dim30delta1.txt,12274.765,18261,824815
results/deeplll/svpchallengedim40seed2dim10delta0.98999995.txt,15.646,771,7380
results/deeplll/svpchallengedim40seed2dim10delta1.txt,16.537,790,7524
results/deeplll/svpchallengedim40seed2dim15delta0.98999995.txt,128.089,1765,30762
results/deeplll/svpchallengedim40seed2dim15delta1.txt,132.203,1832,32106
results/deeplll/svpchallengedim40seed2dim20delta0.98999995.txt,797.647,4066,112167
results/deeplll/svpchallengedim40seed2dim20delta1.txt,887.883,4597,125639
results/deeplll/svpchallengedim40seed2dim25delta0.98999995.txt,3054.59,7673,281521
results/deeplll/svpchallengedim40seed2dim25delta1.txt,3402.281,8587,304518
results/deeplll/svpchallengedim40seed2dim30delta0.98999995.txt,10106.676,14273,658600
results/deeplll/svpchallengedim40seed2dim30delta1.txt,12332.797,17661,800239
results/deeplll/svpchallengedim40seed3dim10delta0.98999995.txt,16.102,774,7610
results/deeplll/svpchallengedim40seed3dim10delta1.txt,15.365,787,7715
results/deeplll/svpchallengedim40seed3dim15delta0.98999995.txt,162.697,1888,34040
results/deeplll/svpchallengedim40seed3dim15delta1.txt,174.308,1998,36132
results/deeplll/svpchallengedim40seed3dim20delta0.98999995.txt,712.352,3724,97786
results/deeplll/svpchallengedim40seed3dim20delta1.txt,799.891,4146,108598
results/deeplll/svpchallengedim40seed3dim25delta0.98999995.txt,3067.408,7738,281175
results/deeplll/svpchallengedim40seed3dim25delta1.txt,3304.08,8492,299196
results/deeplll/svpchallengedim40seed3dim30delta0.98999995.txt,10040,14535,672435
results/deeplll/svpchallengedim40seed3dim30delta1.txt,12561.841,17865,817353
results/deeplll/svpchallengedim40seed4dim10delta0.98999995.txt,16.628,767,7392
results/deeplll/svpchallengedim40seed4dim10delta1.txt,17.099,800,7624
results/deeplll/svpchallengedim40seed4dim15delta0.98999995.txt,140.891,1891,35320
results/deeplll/svpchallengedim40seed4dim15delta1.txt,153.492,2066,38569
results/deeplll/svpchallengedim40seed4dim20delta0.98999995.txt,844.688,4437,124018
results/deeplll/svpchallengedim40seed4dim20delta1.txt,904.62,4841,130124
results/deeplll/svpchallengedim40seed4dim25delta0.98999995.txt,3307.132,8587,322622
results/deeplll/svpchallengedim40seed4dim25delta1.txt,3672.962,9731,348919
results/deeplll/svpchallengedim40seed4dim30delta0.98999995.txt,10595.47,14898,687797
results/deeplll/svpchallengedim40seed4dim30delta1.txt,12448.68,17482,786589
results/deeplll05/ndim10seed0cnt1000dim10delta0.98999995.txt,4.135,579,5696
results/deeplll05/ndim10seed0cnt1000dim10delta1.txt,4.339,601,5903
results/deeplll05/ndim10seed1cnt1000dim10delta0.98999995.txt,4.223,589,5855
results/deeplll05/ndim10seed1cnt1000dim10delta1.txt,4.307,606,6010
results/deeplll05/ndim10seed2cnt1000dim10delta0.98999995.txt,3.572,522,5317
results/deeplll05/ndim10seed2cnt1000dim10delta1.txt,3.765,558,5634
results/deeplll05/ndim10seed3cnt1000dim10delta0.98999995.txt,3.473,517,5239
results/deeplll05/ndim10seed3cnt1000dim10delta1.txt,3.538,529,5317
results/deeplll05/ndim10seed4cnt1000dim10delta0.98999995.txt,4.794,610,6092
results/deeplll05/ndim10seed4cnt1000dim10delta1.txt,5.012,641,6381
results/deeplll05/ndim15seed0cnt1000dim15delta0.98999995.txt,18.952,471,5263
results/deeplll05/ndim15seed0cnt1000dim15delta1.txt,21.807,612,6902
results/deeplll05/ndim15seed1cnt1000dim15delta0.98999995.txt,21.639,674,7780
results/deeplll05/ndim15seed1cnt1000dim15delta1.txt,19.443,518,5799
results/deeplll05/ndim15seed2cnt1000dim15delta0.98999995.txt,21.301,547,6059
results/deeplll05/ndim15seed2cnt1000dim15delta1.txt,21.009,543,6033
results/deeplll05/ndim15seed3cnt1000dim15delta0.98999995.txt,25.494,687,8195
results/deeplll05/ndim15seed3cnt1000dim15delta1.txt,26.603,735,8644
results/deeplll05/ndim15seed4cnt1000dim15delta0.98999995.txt,21.982,688,8106
results/deeplll05/ndim15seed4cnt1000dim15delta1.txt,21.076,622,7071
results/deeplll05/ndim20seed0cnt1000dim20delta0.98999995.txt,50.605,428,5104
results/deeplll05/ndim20seed0cnt1000dim20delta1.txt,52.585,454,5382
results/deeplll05/ndim20seed1cnt1000dim20delta0.98999995.txt,47.32,387,4432
results/deeplll05/ndim20seed1cnt1000dim20delta1.txt,49.317,408,4570
results/deeplll05/ndim20seed2cnt1000dim20delta0.98999995.txt,54.488,452,5150
results/deeplll05/ndim20seed2cnt1000dim20delta1.txt,65.43,553,6458
results/deeplll05/ndim20seed3cnt1000dim20delta0.98999995.txt,41.464,377,4560
results/deeplll05/ndim20seed3cnt1000dim20delta1.txt,46.029,422,5306
results/deeplll05/ndim20seed4cnt1000dim20delta0.98999995.txt,60.752,566,6977
results/deeplll05/ndim20seed4cnt1000dim20delta1.txt,53.976,489,5813
results/deeplll05/ndim25seed0cnt1000dim25delta0.98999995.txt,99.759,388,4895
results/deeplll05/ndim25seed0cnt1000dim25delta1.txt,57.561,213,2458
results/deeplll05/ndim25seed1cnt1000dim25delta0.98999995.txt,86.083,311,3924
results/deeplll05/ndim25seed1cnt1000dim25delta1.txt,86.433,315,3919
results/deeplll05/ndim25seed2cnt1000dim25delta0.98999995.txt,48.18,176,2110
results/deeplll05/ndim25seed2cnt1000dim25delta1.txt,99.267,386,4873
results/deeplll05/ndim25seed3cnt1000dim25delta0.98999995.txt,80.283,318,3976
results/deeplll05/ndim25seed3cnt1000dim25delta1.txt,80.432,326,3933
results/deeplll05/ndim25seed4cnt1000dim25delta0.98999995.txt,71.775,269,3265
results/deeplll05/ndim25seed4cnt1000dim25delta1.txt,61.701,240,2773
results/deeplll05/ndim30seed0cnt1000dim30delta0.98999995.txt,90.052,177,2243
results/deeplll05/ndim30seed0cnt1000dim30delta1.txt,87.91,171,2161
results/deeplll05/ndim30seed1cnt1000dim30delta0.98999995.txt,130.139,286,3853
results/deeplll05/ndim30seed1cnt1000dim30delta1.txt,71.549,147,1802
results/deeplll05/ndim30seed2cnt1000dim30delta0.98999995.txt,133.03,256,3364
results/deeplll05/ndim30seed2cnt1000dim30delta1.txt,115.823,217,2774
results/deeplll05/ndim30seed3cnt1000dim30delta0.98999995.txt,106.576,208,2575
results/deeplll05/ndim30seed3cnt1000dim30delta1.txt,143.245,288,3617
results/deeplll05/ndim30seed4cnt1000dim30delta0.98999995.txt,99.421,199,2425
results/deeplll05/ndim30seed4cnt1000dim30delta1.txt,94.507,196,2418
results/deeplll05/ndim35seed0cnt1000dim35delta0.98999995.txt,122.045,135,1818
results/deeplll05/ndim35seed0cnt1000dim35delta1.txt,191.297,214,2893
results/deeplll05/ndim35seed1cnt1000dim35delta0.98999995.txt,115.712,131,1684
results/deeplll05/ndim35seed1cnt1000dim35delta1.txt,167.248,195,2578
results/deeplll05/ndim35seed2cnt1000dim35delta0.98999995.txt,135.103,165,2229
results/deeplll05/ndim35seed2cnt1000dim35delta1.txt,141.795,179,2347
results/deeplll05/ndim35seed3cnt1000dim35delta0.98999995.txt,166.831,206,2892
results/deeplll05/ndim35seed3cnt1000dim35delta1.txt,152.22,188,2612
results/deeplll05/ndim35seed4cnt1000dim35delta0.98999995.txt,117.894,136,1677
results/deeplll05/ndim35seed4cnt1000dim35delta1.txt,278.777,346,4414
results/deeplll05/ndim40seed0cnt1000dim40delta0.98999995.txt,248.082,195,2708
results/deeplll05/ndim40seed0cnt1000dim40delta1.txt,284.28,223,3208
results/deeplll05/ndim40seed1cnt1000dim40delta0.98999995.txt,189.634,146,1961
results/deeplll05/ndim40seed1cnt1000dim40delta1.txt,211.834,162,2226
results/deeplll05/ndim40seed2cnt1000dim40delta0.98999995.txt,185.223,139,1925
results/deeplll05/ndim40seed2cnt1000dim40delta1.txt,178.567,138,1831
results/deeplll05/ndim40seed3cnt1000dim40delta0.98999995.txt,238.695,188,2559
results/deeplll05/ndim40seed3cnt1000dim40delta1.txt,178.616,143,1757
results/deeplll05/ndim40seed4cnt1000dim40delta0.98999995.txt,261.181,211,2981
results/deeplll05/ndim40seed4cnt1000dim40delta1.txt,256.571,217,2808
results/deeplll05/svpchallengedim40seed0dim10delta0.98999995.txt,13.949,807,6363
results/deeplll05/svpchallengedim40seed0dim10delta1.txt,14.909,851,6751
results/deeplll05/svpchallengedim40seed0dim15delta0.98999995.txt,78.737,1337,13313
results/deeplll05/svpchallengedim40seed0dim15delta1.txt,84.108,1384,13651
results/deeplll05/svpchallengedim40seed0dim20delta0.98999995.txt,143.627,1345,13481
results/deeplll05/svpchallengedim40seed0dim20delta1.txt,174.137,1515,15537
results/deeplll05/svpchallengedim40seed0dim25delta0.98999995.txt,334.818,1345,13506
results/deeplll05/svpchallengedim40seed0dim25delta1.txt,417.111,1515,15562
results/deeplll05/svpchallengedim40seed0dim30delta0.98999995.txt,281.194,1345,13531
results/deeplll05/svpchallengedim40seed0dim30delta1.txt,555.868,1515,15587
results/deeplll05/svpchallengedim40seed0dim35delta0.98999995.txt,391.501,1345,13556
results/deeplll05/svpchallengedim40seed0dim35delta1.txt,459.412,1515,15612
results/deeplll05/svpchallengedim40seed0dim40delta0.98999995.txt,498.036,1345,13581
results/deeplll05/svpchallengedim40seed0dim40delta1.txt,604.467,1515,15637
results/deeplll05/svpchallengedim40seed1dim10delta0.98999995.txt,15.601,853,6511
results/deeplll05/svpchallengedim40seed1dim10delta1.txt,15.889,865,6564
results/deeplll05/svpchallengedim40seed1dim15delta0.98999995.txt,59.864,1145,10227
results/deeplll05/svpchallengedim40seed1dim15delta1.txt,60.582,1163,10362
results/deeplll05/svpchallengedim40seed1dim20delta0.98999995.txt,146.525,1371,13217
results/deeplll05/svpchallengedim40seed1dim20delta1.txt,137.783,1352,12830
results/deeplll05/svpchallengedim40seed1dim25delta0.98999995.txt,212.85,1371,13242
results/deeplll05/svpchallengedim40seed1dim25delta1.txt,203.452,1352,12855
results/deeplll05/svpchallengedim40seed1dim30delta0.98999995.txt,287.247,1371,13267
results/deeplll05/svpchallengedim40seed1dim30delta1.txt,270.517,1352,12880
results/deeplll05/svpchallengedim40seed1dim35delta0.98999995.txt,416.532,1371,13292
results/deeplll05/svpchallengedim40seed1dim35delta1.txt,370.538,1352,12905
results/deeplll05/svpchallengedim40seed1dim40delta0.98999995.txt,495.909,1371,13317
results/deeplll05/svpchallengedim40seed1dim40delta1.txt,474.124,1352,12930
results/deeplll05/svpchallengedim40seed2dim10delta0.98999995.txt,18.112,854,6707
results/deeplll05/svpchallengedim40seed2dim10delta1.txt,21.104,882,7011
results/deeplll05/svpchallengedim40seed2dim15delta0.98999995.txt,77.949,1338,13001
results/deeplll05/svpchallengedim40seed2dim15delta1.txt,65.171,1185,10791
results/deeplll05/svpchallengedim40seed2dim20delta0.98999995.txt,140.536,1367,13405
results/deeplll05/svpchallengedim40seed2dim20delta1.txt,106.436,1185,10816
results/deeplll05/svpchallengedim40seed2dim25delta0.98999995.txt,206.866,1367,13430
results/deeplll05/svpchallengedim40seed2dim25delta1.txt,154.9,1185,10841
results/deeplll05/svpchallengedim40seed2dim30delta0.98999995.txt,280.509,1367,13455
results/deeplll05/svpchallengedim40seed2dim30delta1.txt,211.622,1185,10866
results/deeplll05/svpchallengedim40seed2dim35delta0.98999995.txt,383.984,1367,13480
results/deeplll05/svpchallengedim40seed2dim35delta1.txt,295.835,1185,10891
results/deeplll05/svpchallengedim40seed2dim40delta0.98999995.txt,480.801,1367,13505
results/deeplll05/svpchallengedim40seed2dim40delta1.txt,368.412,1185,10916
results/deeplll05/svpchallengedim40seed3dim10delta0.98999995.txt,15.696,849,6710
results/deeplll05/svpchallengedim40seed3dim10delta1.txt,16.053,858,6762
results/deeplll05/svpchallengedim40seed3dim15delta0.98999995.txt,75.692,1314,12616
results/deeplll05/svpchallengedim40seed3dim15delta1.txt,77.37,1338,12812
results/deeplll05/svpchallengedim40seed3dim20delta0.98999995.txt,130.475,1314,12641
results/deeplll05/svpchallengedim40seed3dim20delta1.txt,133.879,1338,12837
results/deeplll05/svpchallengedim40seed3dim25delta0.98999995.txt,191.193,1314,12666
results/deeplll05/svpchallengedim40seed3dim25delta1.txt,194.868,1338,12862
results/deeplll05/svpchallengedim40seed3dim30delta0.98999995.txt,259.234,1314,12691
results/deeplll05/svpchallengedim40seed3dim30delta1.txt,263.896,1338,12887
results/deeplll05/svpchallengedim40seed3dim35delta0.98999995.txt,360.382,1314,12716
results/deeplll05/svpchallengedim40seed3dim35delta1.txt,367.286,1338,12912
results/deeplll05/svpchallengedim40seed3dim40delta0.98999995.txt,452.934,1314,12741
results/deeplll05/svpchallengedim40seed3dim40delta1.txt,464.955,1338,12937
results/deeplll05/svpchallengedim40seed4dim10delta0.98999995.txt,16.289,870,6866
results/deeplll05/svpchallengedim40seed4dim10delta1.txt,17.007,905,7142
results/deeplll05/svpchallengedim40seed4dim15delta0.98999995.txt,80.641,1340,12986
results/deeplll05/svpchallengedim40seed4dim15delta1.txt,90.8,1475,14566
results/deeplll05/svpchallengedim40seed4dim20delta0.98999995.txt,136.993,1340,13011
results/deeplll05/svpchallengedim40seed4dim20delta1.txt,162.459,1475,14591
results/deeplll05/svpchallengedim40seed4dim25delta0.98999995.txt,202.77,1340,13036
results/deeplll05/svpchallengedim40seed4dim25delta1.txt,235.219,1475,14616
results/deeplll05/svpchallengedim40seed4dim30delta0.98999995.txt,274.585,1340,13061
results/deeplll05/svpchallengedim40seed4dim30delta1.txt,318.28,1475,14641
results/deeplll05/svpchallengedim40seed4dim35delta0.98999995.txt,388.169,1340,13086
results/deeplll05/svpchallengedim40seed4dim35delta1.txt,453.117,1475,14666
results/deeplll05/svpchallengedim40seed4dim40delta0.98999995.txt,503.209,1340,13111
results/deeplll05/svpchallengedim40seed4dim40delta1.txt,575.908,1475,14691
results/deeplll10/ndim10seed0cnt1000dim10delta0.98999995.txt,3.9,486,6316
results/deeplll10/ndim10seed0cnt1000dim10delta1.txt,4.18,517,6613
results/deeplll10/ndim10seed1cnt1000dim10delta0.98999995.txt,4.12,507,6723
results/deeplll10/ndim10seed1cnt1000dim10delta1.txt,4.26,540,7145
results/deeplll10/ndim10seed2cnt1000dim10delta0.98999995.txt,3.515,457,6255
results/deeplll10/ndim10seed2cnt1000dim10delta1.txt,3.566,470,6318
results/deeplll10/ndim10seed3cnt1000dim10delta0.98999995.txt,3.312,432,5833
results/deeplll10/ndim10seed3cnt1000dim10delta1.txt,3.446,451,5986
results/deeplll10/ndim10seed4cnt1000dim10delta0.98999995.txt,4.596,521,6926
results/deeplll10/ndim10seed4cnt1000dim10delta1.txt,4.814,561,7328
results/deeplll10/ndim15seed0cnt1000dim15delta0.98999995.txt,32.704,1241,25549
results/deeplll10/ndim15seed0cnt1000dim15delta1.txt,34.043,1307,26299
results/deeplll10/ndim15seed1cnt1000dim15delta0.98999995.txt,32.632,1304,26668
results/deeplll10/ndim15seed1cnt1000dim15delta1.txt,35.126,1441,29658
results/deeplll10/ndim15seed2cnt1000dim15delta0.98999995.txt,35.515,1305,27680
results/deeplll10/ndim15seed2cnt1000dim15delta1.txt,36.512,1386,28323
results/deeplll10/ndim15seed3cnt1000dim15delta0.98999995.txt,39.827,1487,30990
results/deeplll10/ndim15seed3cnt1000dim15delta1.txt,36.991,1239,24264
results/deeplll10/ndim15seed4cnt1000dim15delta0.98999995.txt,25.635,804,14955
results/deeplll10/ndim15seed4cnt1000dim15delta1.txt,30.549,1163,22497
results/deeplll10/ndim20seed0cnt1000dim20delta0.98999995.txt,99.931,956,20608
results/deeplll10/ndim20seed0cnt1000dim20delta1.txt,133.598,1495,33886
results/deeplll10/ndim20seed1cnt1000dim20delta0.98999995.txt,131.365,1435,32221
results/deeplll10/ndim20seed1cnt1000dim20delta1.txt,134.576,1464,31886
results/deeplll10/ndim20seed2cnt1000dim20delta0.98999995.txt,131.034,1323,29217
results/deeplll10/ndim20seed2cnt1000dim20delta1.txt,149.027,1588,34413
results/deeplll10/ndim20seed3cnt1000dim20delta0.98999995.txt,111.766,1337,31095
results/deeplll10/ndim20seed3cnt1000dim20delta1.txt,107.831,1250,27005
results/deeplll10/ndim20seed4cnt1000dim20delta0.98999995.txt,111.855,1219,26254
results/deeplll10/ndim20seed4cnt1000dim20delta1.txt,132.981,1506,33090
results/deeplll10/ndim25seed0cnt1000dim25delta0.98999995.txt,178.815,666,14447
results/deeplll10/ndim25seed0cnt1000dim25delta1.txt,180.098,705,15243
results/deeplll10/ndim25seed1cnt1000dim25delta0.98999995.txt,255.159,1085,26739
results/deeplll10/ndim25seed1cnt1000dim25delta1.txt,201.671,764,16926
results/deeplll10/ndim25seed2cnt1000dim25delta0.98999995.txt,232.665,963,23048
results/deeplll10/ndim25seed2cnt1000dim25delta1.txt,263.462,1191,28565
results/deeplll10/ndim25seed3cnt1000dim25delta0.98999995.txt,204.559,861,20182
results/deeplll10/ndim25seed3cnt1000dim25delta1.txt,207.526,850,19494
results/deeplll10/ndim25seed4cnt1000dim25delta0.98999995.txt,160.647,607,12765
results/deeplll10/ndim25seed4cnt1000dim25delta1.txt,284.05,1234,28818
results/deeplll10/ndim30seed0cnt1000dim30delta0.98999995.txt,255.518,514,11378
results/deeplll10/ndim30seed0cnt1000dim30delta1.txt,409.049,868,19604
results/deeplll10/ndim30seed1cnt1000dim30delta0.98999995.txt,269.251,593,13784
results/deeplll10/ndim30seed1cnt1000dim30delta1.txt,358.003,828,19550
results/deeplll10/ndim30seed2cnt1000dim30delta0.98999995.txt,382.582,820,19997
results/deeplll10/ndim30seed2cnt1000dim30delta1.txt,296.132,568,12717
results/deeplll10/ndim30seed3cnt1000dim30delta0.98999995.txt,303.31,592,13751
results/deeplll10/ndim30seed3cnt1000dim30delta1.txt,415.554,817,18808
results/deeplll10/ndim30seed4cnt1000dim30delta0.98999995.txt,318.098,662,14730
results/deeplll10/ndim30seed4cnt1000dim30delta1.txt,375.814,780,17644
results/deeplll10/ndim35seed0cnt1000dim35delta0.98999995.txt,391.331,426,9874
results/deeplll10/ndim35seed0cnt1000dim35delta1.txt,456.301,498,11450
results/deeplll10/ndim35seed1cnt1000dim35delta0.98999995.txt,462.637,554,13255
results/deeplll10/ndim35seed1cnt1000dim35delta1.txt,492.395,567,13055
results/deeplll10/ndim35seed2cnt1000dim35delta0.98999995.txt,479.872,612,15305
results/deeplll10/ndim35seed2cnt1000dim35delta1.txt,361.563,442,11062
results/deeplll10/ndim35seed3cnt1000dim35delta0.98999995.txt,413.458,489,12172
results/deeplll10/ndim35seed3cnt1000dim35delta1.txt,459.478,551,13568
results/deeplll10/ndim35seed4cnt1000dim35delta0.98999995.txt,465.05,545,12421
results/deeplll10/ndim35seed4cnt1000dim35delta1.txt,525.681,614,14296
results/deeplll10/ndim40seed0cnt1000dim40delta0.98999995.txt,522.556,387,9850
results/deeplll10/ndim40seed0cnt1000dim40delta1.txt,543.426,407,10013
results/deeplll10/ndim40seed1cnt1000dim40delta0.98999995.txt,431.243,317,7263
results/deeplll10/ndim40seed1cnt1000dim40delta1.txt,501.577,365,8590
results/deeplll10/ndim40seed2cnt1000dim40delta0.98999995.txt,573.153,424,10435
results/deeplll10/ndim40seed2cnt1000dim40delta1.txt,658.486,492,12023
results/deeplll10/ndim40seed3cnt1000dim40delta0.98999995.txt,416.54,297,7359
results/deeplll10/ndim40seed3cnt1000dim40delta1.txt,585.456,445,10589
results/deeplll10/ndim40seed4cnt1000dim40delta0.98999995.txt,518.343,397,9448
results/deeplll10/ndim40seed4cnt1000dim40delta1.txt,565.315,450,10597
results/deeplll10/svpchallengedim40seed0dim10delta0.98999995.txt,13.263,717,6932
results/deeplll10/svpchallengedim40seed0dim10delta1.txt,13.802,742,7131
results/deeplll10/svpchallengedim40seed0dim15delta0.98999995.txt,135.504,1805,30555
results/deeplll10/svpchallengedim40seed0dim15delta1.txt,149.252,1964,33053
results/deeplll10/svpchallengedim40seed0dim20delta0.98999995.txt,615.837,2287,42960
results/deeplll10/svpchallengedim40seed0dim20delta1.txt,381.129,2414,44230
results/deeplll10/svpchallengedim40seed0dim25delta0.98999995.txt,1158.727,2623,51867
results/deeplll10/svpchallengedim40seed0dim25delta1.txt,923.315,2414,44280
results/deeplll10/svpchallengedim40seed0dim30delta0.98999995.txt,1027.713,2623,51917
results/deeplll10/svpchallengedim40seed0dim30delta1.txt,880.569,2414,44330
results/deeplll10/svpchallengedim40seed0dim35delta0.98999995.txt,1363.437,2623,51967
results/deeplll10/svpchallengedim40seed0dim35delta1.txt,1064.941,2414,44380
results/deeplll10/svpchallengedim40seed0dim40delta0.98999995.txt,1710.539,2623,52017
results/deeplll10/svpchallengedim40seed0dim40delta1.txt,1337.022,2414,44430
results/deeplll10/svpchallengedim40seed1dim10delta0.98999995.txt,15.167,778,7123
results/deeplll10/svpchallengedim40seed1dim10delta1.txt,15.515,801,7265
results/deeplll10/svpchallengedim40seed1dim15delta0.98999995.txt,108.114,1514,23410
results/deeplll10/svpchallengedim40seed1dim15delta1.txt,115.522,1607,24548
results/deeplll10/svpchallengedim40seed1dim20delta0.98999995.txt,348.466,2147,38460
results/deeplll10/svpchallengedim40seed1dim20delta1.txt,399.608,2352,42608
results/deeplll10/svpchallengedim40seed1dim25delta0.98999995.txt,522.139,2147,38510
results/deeplll10/svpchallengedim40seed1dim25delta1.txt,834.212,2789,54213
results/deeplll10/svpchallengedim40seed1dim30delta0.98999995.txt,781.912,2147,38560
results/deeplll10/svpchallengedim40seed1dim30delta1.txt,1182.502,2789,54263
results/deeplll10/svpchallengedim40seed1dim35delta0.98999995.txt,968.348,2147,38610
results/deeplll10/svpchallengedim40seed1dim35delta1.txt,1573.162,2789,54313
results/deeplll10/svpchallengedim40seed1dim40delta0.98999995.txt,1191.098,2147,38660
results/deeplll10/svpchallengedim40seed1dim40delta1.txt,1979.752,2789,54363
results/deeplll10/svpchallengedim40seed2dim10delta0.98999995.txt,15.916,771,7380
results/deeplll10/svpchallengedim40seed2dim10delta1.txt,19.54,790,7524
results/deeplll10/svpchallengedim40seed2dim15delta0.98999995.txt,141.629,1839,30791
results/deeplll10/svpchallengedim40seed2dim15delta1.txt,139.519,1860,30327
results/deeplll10/svpchallengedim40seed2dim20delta0.98999995.txt,406.542,2429,45318
results/deeplll10/svpchallengedim40seed2dim20delta1.txt,274.044,1942,32089
results/deeplll10/svpchallengedim40seed2dim25delta0.98999995.txt,633.409,2429,45368
results/deeplll10/svpchallengedim40seed2dim25delta1.txt,408.128,1942,32139
results/deeplll10/svpchallengedim40seed2dim30delta0.98999995.txt,864.431,2429,45418
results/deeplll10/svpchallengedim40seed2dim30delta1.txt,555.906,1942,32189
results/deeplll10/svpchallengedim40seed2dim35delta0.98999995.txt,1187.8,2429,45468
results/deeplll10/svpchallengedim40seed2dim35delta1.txt,738.163,1942,32239
results/deeplll10/svpchallengedim40seed2dim40delta0.98999995.txt,1439.124,2429,45518
results/deeplll10/svpchallengedim40seed2dim40delta1.txt,938.499,1942,32289
results/deeplll10/svpchallengedim40seed3dim10delta0.98999995.txt,15.614,774,7610
results/deeplll10/svpchallengedim40seed3dim10delta1.txt,15.856,787,7715
results/deeplll10/svpchallengedim40seed3dim15delta0.98999995.txt,107.088,1495,23490
results/deeplll10/svpchallengedim40seed3dim15delta1.txt,92.224,1379,20161
results/deeplll10/svpchallengedim40seed3dim20delta0.98999995.txt,416.589,2433,47249
results/deeplll10/svpchallengedim40seed3dim20delta1.txt,414.243,2469,46075
results/deeplll10/svpchallengedim40seed3dim25delta0.98999995.txt,695.42,2524,49783
results/deeplll10/svpchallengedim40seed3dim25delta1.txt,640.458,2469,46125
results/deeplll10/svpchallengedim40seed3dim30delta0.98999995.txt,967.493,2524,49833
results/deeplll10/svpchallengedim40seed3dim30delta1.txt,883.011,2469,46175
results/deeplll10/svpchallengedim40seed3dim35delta0.98999995.txt,1276.39,2524,49883
results/deeplll10/svpchallengedim40seed3dim35delta1.txt,1153.164,2469,46225
results/deeplll10/svpchallengedim40seed3dim40delta0.98999995.txt,1638.589,2524,49933
results/deeplll10/svpchallengedim40seed3dim40delta1.txt,1494.951,2469,46275
results/deeplll10/svpchallengedim40seed4dim10delta0.98999995.txt,15.451,767,7392
results/deeplll10/svpchallengedim40seed4dim10delta1.txt,15.869,800,7624
results/deeplll10/svpchallengedim40seed4dim15delta0.98999995.txt,117.202,1598,25469
results/deeplll10/svpchallengedim40seed4dim15delta1.txt,125.245,1712,26950
results/deeplll10/svpchallengedim40seed4dim20delta0.98999995.txt,446.403,2567,50476
results/deeplll10/svpchallengedim40seed4dim20delta1.txt,349.508,2258,39706
results/deeplll10/svpchallengedim40seed4dim25delta0.98999995.txt,704.549,2567,50526
results/deeplll10/svpchallengedim40seed4dim25delta1.txt,522.243,2258,39756
results/deeplll10/svpchallengedim40seed4dim30delta0.98999995.txt,971.924,2567,50576
results/deeplll10/svpchallengedim40seed4dim30delta1.txt,710.568,2258,39806
results/deeplll10/svpchallengedim40seed4dim35delta0.98999995.txt,1354.472,2567,50626
results/deeplll10/svpchallengedim40seed4dim35delta1.txt,989.238,2258,39856
results/deeplll10/svpchallengedim40seed4dim40delta0.98999995.txt,1718.241,2567,50676
results/deeplll10/svpchallengedim40seed4dim40delta1.txt,1256.376,2258,39906
results/lll/ndim10seed0cnt1000dim10delta0.98999995.txt,6.643,1508,2894
results/lll/ndim10seed0cnt1000dim10delta1.txt,6.908,1556,2988
results/lll/ndim10seed1cnt1000dim10delta0.98999995.txt,6.74,1520,2925
results/lll/ndim10seed1cnt1000dim10delta1.txt,6.85,1559,3002
results/lll/ndim10seed2cnt1000dim10delta0.98999995.txt,5.746,1357,2603
results/lll/ndim10seed2cnt1000dim10delta1.txt,5.794,1383,2653
results/lll/ndim10seed3cnt1000dim10delta0.98999995.txt,5.526,1325,2554
results/lll/ndim10seed3cnt1000dim10delta1.txt,6.077,1371,2642
results/lll/ndim10seed4cnt1000dim10delta0.98999995.txt,7.579,1583,3037
results/lll/ndim10seed4cnt1000dim10delta1.txt,7.798,1627,3125
results/lll/ndim15seed0cnt1000dim15delta0.98999995.txt,59.355,3241,6363
results/lll/ndim15seed0cnt1000dim15delta1.txt,56.835,3402,6685
results/lll/ndim15seed1cnt1000dim15delta0.98999995.txt,57.076,3385,6660
results/lll/ndim15seed1cnt1000dim15delta1.txt,58.737,3473,6835
results/lll/ndim15seed2cnt1000dim15delta0.98999995.txt,56.042,3436,6744
results/lll/ndim15seed2cnt1000dim15delta1.txt,65.568,3609,7086
results/lll/ndim15seed3cnt1000dim15delta0.98999995.txt,67.063,3786,7459
results/lll/ndim15seed3cnt1000dim15delta1.txt,66.579,3948,7783
results/lll/ndim15seed4cnt1000dim15delta0.98999995.txt,61.431,3195,6285
results/lll/ndim15seed4cnt1000dim15delta1.txt,58.981,3282,6461
results/lll/ndim20seed0cnt1000dim20delta0.98999995.txt,271.934,5869,11641
results/lll/ndim20seed0cnt1000dim20delta1.txt,299.183,6356,12614
results/lll/ndim20seed1cnt1000dim20delta0.98999995.txt,552.863,6178,12244
results/lll/ndim20seed1cnt1000dim20delta1.txt,296.381,6462,12806
results/lll/ndim20seed2cnt1000dim20delta0.98999995.txt,254.995,6454,12792
results/lll/ndim20seed2cnt1000dim20delta1.txt,340.697,6831,13541
results/lll/ndim20seed3cnt1000dim20delta0.98999995.txt,199.282,5616,11137
results/lll/ndim20seed3cnt1000dim20delta1.txt,209.007,5948,11805
results/lll/ndim20seed4cnt1000dim20delta0.98999995.txt,221.285,5956,11812
results/lll/ndim20seed4cnt1000dim20delta1.txt,249.078,6348,12585
results/lll/ndim25seed0cnt1000dim25delta0.98999995.txt,681.402,8686,17281
results/lll/ndim25seed0cnt1000dim25delta1.txt,718.638,9174,18257
results/lll/ndim25seed1cnt1000dim25delta0.98999995.txt,643.686,8527,16974
results/lll/ndim25seed1cnt1000dim25delta1.txt,704.581,9508,18918
results/lll/ndim25seed2cnt1000dim25delta0.98999995.txt,668.016,8802,17528
results/lll/ndim25seed2cnt1000dim25delta1.txt,718.966,9541,18995
results/lll/ndim25seed3cnt1000dim25delta0.98999995.txt,703.012,8779,17486
results/lll/ndim25seed3cnt1000dim25delta1.txt,744.919,8942,17807
results/lll/ndim25seed4cnt1000dim25delta0.98999995.txt,699.438,8610,17130
results/lll/ndim25seed4cnt1000dim25delta1.txt,835.864,9329,18567
results/lll/ndim30seed0cnt1000dim30delta0.98999995.txt,1571.946,11442,22826
results/lll/ndim30seed0cnt1000dim30delta1.txt,1656.211,12184,24300
results/lll/ndim30seed1cnt1000dim30delta0.98999995.txt,1506.349,11268,22464
results/lll/ndim30seed1cnt1000dim30delta1.txt,1582.683,11868,23655
results/lll/ndim30seed2cnt1000dim30delta0.98999995.txt,1681.469,11930,23792
results/lll/ndim30seed2cnt1000dim30delta1.txt,1783.066,12560,25049
results/lll/ndim30seed3cnt1000dim30delta0.98999995.txt,1705.011,11938,23791
results/lll/ndim30seed3cnt1000dim30delta1.txt,1755.089,12236,24391
results/lll/ndim30seed4cnt1000dim30delta0.98999995.txt,1572.524,11371,22670
results/lll/ndim30seed4cnt1000dim30delta1.txt,1635.479,12012,23952
results/lll/ndim35seed0cnt1000dim35delta0.98999995.txt,4005.683,15685,31319
results/lll/ndim35seed0cnt1000dim35delta1.txt,4139.004,16961,33853
results/lll/ndim35seed1cnt1000dim35delta0.98999995.txt,3467.239,14205,28355
results/lll/ndim35seed1cnt1000dim35delta1.txt,3927.948,15825,31588
results/lll/ndim35seed2cnt1000dim35delta0.98999995.txt,3391.017,13789,27530
results/lll/ndim35seed2cnt1000dim35delta1.txt,3487.95,15055,30062
results/lll/ndim35seed3cnt1000dim35delta0.98999995.txt,3624.164,15201,30353
results/lll/ndim35seed3cnt1000dim35delta1.txt,3570.157,15393,30733
results/lll/ndim35seed4cnt1000dim35delta0.98999995.txt,3392.373,14941,29814
results/lll/ndim35seed4cnt1000dim35delta1.txt,3675.186,15645,31213
results/lll/ndim40seed0cnt1000dim40delta0.98999995.txt,6477.466,17063,34081
results/lll/ndim40seed0cnt1000dim40delta1.txt,7088.515,18537,37030
results/lll/ndim45seed0cnt1000dim45delta0.98999995.txt,9592.693,19651,39274
results/lll/ndim45seed0cnt1000dim45delta1.txt,10293.371,20659,41291
results/lll/ndim45seed1cnt1000dim45delta0.98999995.txt,11534.303,20633,41221
results/lll/ndim45seed1cnt1000dim45delta1.txt,11471.002,22042,44046
results/lll/ndim45seed2cnt1000dim45delta0.98999995.txt,11048.893,20787,41532
results/lll/ndim45seed2cnt1000dim45delta1.txt,11672.446,21882,43721
results/lll/ndim45seed3cnt1000dim45delta0.98999995.txt,11202.723,20954,41871
results/lll/ndim45seed3cnt1000dim45delta1.txt,11862.843,22148,44264
results/lll/ndim45seed4cnt1000dim45delta0.98999995.txt,10649.636,19440,38855
results/lll/ndim45seed4cnt1000dim45delta1.txt,10954.346,21407,42787
results/lll/svpchallengedim40seed0dim10delta0.98999995.txt,24.272,1862,3421
results/lll/svpchallengedim40seed0dim10delta1.txt,23.635,1901,3496
results/lll/svpchallengedim40seed0dim15delta0.98999995.txt,197.288,4465,8556
results/lll/svpchallengedim40seed0dim15delta1.txt,227.057,4623,8873
results/lll/svpchallengedim40seed0dim20delta0.98999995.txt,856.299,7995,15577
results/lll/svpchallengedim40seed0dim20delta1.txt,860.659,8149,15884
results/lll/svpchallengedim40seed0dim25delta0.98999995.txt,2560.313,12183,23929
results/lll/svpchallengedim40seed0dim25delta1.txt,2644.232,12521,24605
results/lll/svpchallengedim40seed0dim30delta0.98999995.txt,5926.011,16649,32844
results/lll/svpchallengedim40seed0dim30delta1.txt,6306.46,17321,34193
results/lll/svpchallengedim40seed0dim35delta0.98999995.txt,11451.729,21221,41981
results/lll/svpchallengedim40seed0dim35delta1.txt,12791.826,22548,44637
results/lll/svpchallengedim40seed0dim40delta0.98999995.txt,20902.902,26073,51679
results/lll/svpchallengedim40seed0dim40delta1.txt,22167.322,27687,54908
results/lll/svpchallengedim40seed1dim10delta0.98999995.txt,24.71,2018,3703
results/lll/svpchallengedim40seed1dim10delta1.txt,26.25,2046,3754
results/lll/svpchallengedim40seed1dim15delta0.98999995.txt,185.778,4460,8527
results/lll/svpchallengedim40seed1dim15delta1.txt,191.137,4600,8794
results/lll/svpchallengedim40seed1dim20delta0.98999995.txt,796.364,7952,15472
results/lll/svpchallengedim40seed1dim20delta1.txt,857.146,8476,16502
results/lll/svpchallengedim40seed1dim25delta0.98999995.txt,2396.605,12140,23823
results/lll/svpchallengedim40seed1dim25delta1.txt,2584.782,13078,25676
results/lll/svpchallengedim40seed1dim30delta0.98999995.txt,5353.852,16392,32317
results/lll/svpchallengedim40seed1dim30delta1.txt,6063.181,18124,35749
results/lll/svpchallengedim40seed1dim35delta0.98999995.txt,11744.305,21432,42388
results/lll/svpchallengedim40seed1dim35delta1.txt,13082.557,23010,45509
results/lll/svpchallengedim40seed1dim40delta0.98999995.txt,21498.541,26116,51752
results/lll/svpchallengedim40seed1dim40delta1.txt,21542.143,27728,54941
results/lll/svpchallengedim40seed2dim10delta0.98999995.txt,24.17,2036,3760
results/lll/svpchallengedim40seed2dim10delta1.txt,24.874,2066,3814
results/lll/svpchallengedim40seed2dim15delta0.98999995.txt,184.65,4489,8598
results/lll/svpchallengedim40seed2dim15delta1.txt,186.301,4553,8720
results/lll/svpchallengedim40seed2dim20delta0.98999995.txt,799.019,7948,15471
results/lll/svpchallengedim40seed2dim20delta1.txt,891.248,8310,16180
results/lll/svpchallengedim40seed2dim25delta0.98999995.txt,2360.481,11828,23211
results/lll/svpchallengedim40seed2dim25delta1.txt,2479.455,12626,24792
results/lll/svpchallengedim40seed2dim30delta0.98999995.txt,5370.659,16152,31844
results/lll/svpchallengedim40seed2dim30delta1.txt,6060.069,17663,34853
results/lll/svpchallengedim40seed2dim35delta0.98999995.txt,11204.641,20835,41200
results/lll/svpchallengedim40seed2dim35delta1.txt,12523.448,22882,45281
results/lll/svpchallengedim40seed2dim40delta0.98999995.txt,21078.074,25890,51305
results/lll/svpchallengedim40seed2dim40delta1.txt,22506.824,28086,55685
results/lll/svpchallengedim40seed3dim10delta0.98999995.txt,25.592,2052,3771
results/lll/svpchallengedim40seed3dim10delta1.txt,26.255,2087,3838
results/lll/svpchallengedim40seed3dim15delta0.98999995.txt,199.792,4602,8812
results/lll/svpchallengedim40seed3dim15delta1.txt,203.578,4748,9096
results/lll/svpchallengedim40seed3dim20delta0.98999995.txt,899.031,7892,15358
results/lll/svpchallengedim40seed3dim20delta1.txt,890.316,8223,16012
results/lll/svpchallengedim40seed3dim25delta0.98999995.txt,2768.737,11950,23450
results/lll/svpchallengedim40seed3dim25delta1.txt,2777.219,12471,24487
results/lll/svpchallengedim40seed3dim30delta0.98999995.txt,5444.568,16436,32407
results/lll/svpchallengedim40seed3dim30delta1.txt,6772.492,17332,34199
results/lll/svpchallengedim40seed3dim35delta0.98999995.txt,14704.027,21096,41717
results/lll/svpchallengedim40seed3dim35delta1.txt,12096.884,22332,44191
results/lll/svpchallengedim40seed3dim40delta0.98999995.txt,23082.69,25780,51083
results/lll/svpchallengedim40seed3dim40delta1.txt,27362.313,27344,54208
results/lll/svpchallengedim40seed4dim10delta0.98999995.txt,25.799,1998,3675
results/lll/svpchallengedim40seed4dim10delta1.txt,29.667,2047,3769
results/lll/svpchallengedim40seed4dim15delta0.98999995.txt,200.814,4624,8864
results/lll/svpchallengedim40seed4dim15delta1.txt,209.199,4794,9194
results/lll/svpchallengedim40seed4dim20delta0.98999995.txt,853.632,8188,15954
results/lll/svpchallengedim40seed4dim20delta1.txt,888.012,8556,16677
results/lll/svpchallengedim40seed4dim25delta0.98999995.txt,2414.111,12074,23702
results/lll/svpchallengedim40seed4dim25delta1.txt,2563.28,12826,25192
results/lll/svpchallengedim40seed4dim30delta0.98999995.txt,5485.173,16313,32170
results/lll/svpchallengedim40seed4dim30delta1.txt,6104.948,17679,34885
results/lll/svpchallengedim40seed4dim35delta0.98999995.txt,11339.503,20816,41169
results/lll/svpchallengedim40seed4dim35delta1.txt,12398.914,22940,45397
results/lll/svpchallengedim40seed4dim40delta0.98999995.txt,21009.477,25525,50583
results/lll/svpchallengedim40seed4dim40delta1.txt,22629.63,28013,55541
results/potlll/ndim10seed0cnt1000dim10delta0.98999995.txt,3.862,485,1923
results/potlll/ndim10seed0cnt1000dim10delta1.txt,4.294,504,1969
results/potlll/ndim10seed1cnt1000dim10delta0.98999995.txt,3.829,502,2001
results/potlll/ndim10seed1cnt1000dim10delta1.txt,3.9,513,2022
results/potlll/ndim10seed2cnt1000dim10delta0.98999995.txt,3.314,419,1713
results/potlll/ndim10seed2cnt1000dim10delta1.txt,3.268,436,1742
results/potlll/ndim10seed3cnt1000dim10delta0.98999995.txt,3.248,428,1707
results/potlll/ndim10seed3cnt1000dim10delta1.txt,3.385,433,1724
results/potlll/ndim10seed4cnt1000dim10delta0.98999995.txt,4.355,508,2056
results/potlll/ndim10seed4cnt1000dim10delta1.txt,4.408,516,2071
results/potlll/ndim15seed0cnt1000dim15delta0.98999995.txt,37.008,1062,4696
results/potlll/ndim15seed0cnt1000dim15delta1.txt,33.043,1107,4746
results/potlll/ndim15seed1cnt1000dim15delta0.98999995.txt,34.078,1162,5017
results/potlll/ndim15seed1cnt1000dim15delta1.txt,36.107,1176,5002
results/potlll/ndim15seed2cnt1000dim15delta0.98999995.txt,31.164,1120,4895
results/potlll/ndim15seed2cnt1000dim15delta1.txt,35.864,1166,5002
results/potlll/ndim15seed3cnt1000dim15delta0.98999995.txt,42.014,1257,5479
results/potlll/ndim15seed3cnt1000dim15delta1.txt,36.996,1299,5569
results/potlll/ndim15seed4cnt1000dim15delta0.98999995.txt,38.992,1027,4481
results/potlll/ndim15seed4cnt1000dim15delta1.txt,33.097,1061,4553
results/potlll/ndim20seed0cnt1000dim20delta0.98999995.txt,174.926,2095,9403
results/potlll/ndim20seed0cnt1000dim20delta1.txt,185.701,2226,9736
results/potlll/ndim20seed1cnt1000dim20delta0.98999995.txt,294.227,2217,10019
results/potlll/ndim20seed1cnt1000dim20delta1.txt,188.579,2300,10120
results/potlll/ndim20seed2cnt1000dim20delta0.98999995.txt,167.54,2361,10722
results/potlll/ndim20seed2cnt1000dim20delta1.txt,213.289,2435,10623
results/potlll/ndim20seed3cnt1000dim20delta0.98999995.txt,128.597,2001,9105
results/potlll/ndim20seed3cnt1000dim20delta1.txt,132.089,2125,9328
results/potlll/ndim20seed4cnt1000dim20delta0.98999995.txt,141.901,1994,9110
results/potlll/ndim20seed4cnt1000dim20delta1.txt,145.412,2153,9550
results/potlll/ndim25seed0cnt1000dim25delta0.98999995.txt,461.467,3294,15211
results/potlll/ndim25seed0cnt1000dim25delta1.txt,487.761,3460,15398
results/potlll/ndim25seed1cnt1000dim25delta0.98999995.txt,458.362,3444,15897
results/potlll/ndim25seed1cnt1000dim25delta1.txt,525.33,3570,16006
results/potlll/ndim25seed2cnt1000dim25delta0.98999995.txt,517.525,3218,14965
results/potlll/ndim25seed2cnt1000dim25delta1.txt,479.021,3470,15538
results/potlll/ndim25seed3cnt1000dim25delta0.98999995.txt,492.153,3362,15431
results/potlll/ndim25seed3cnt1000dim25delta1.txt,508.269,3525,15711
results/potlll/ndim25seed4cnt1000dim25delta0.98999995.txt,504.33,3252,14928
results/potlll/ndim25seed4cnt1000dim25delta1.txt,537.325,3686,16177
results/potlll/ndim30seed0cnt1000dim30delta0.98999995.txt,1176.61,4727,21913
results/potlll/ndim30seed0cnt1000dim30delta1.txt,1218.428,4999,22377
results/potlll/ndim30seed1cnt1000dim30delta0.98999995.txt,1117.031,4756,22030
results/potlll/ndim30seed1cnt1000dim30delta1.txt,1128.515,4897,21835
results/potlll/ndim30seed2cnt1000dim30delta0.98999995.txt,1268.78,5046,23240
results/potlll/ndim30seed2cnt1000dim30delta1.txt,1325.194,5324,23915
results/potlll/ndim30seed3cnt1000dim30delta0.98999995.txt,1282.119,4877,22518
results/potlll/ndim30seed3cnt1000dim30delta1.txt,1281.584,5143,22918
results/potlll/ndim30seed4cnt1000dim30delta0.98999995.txt,1217.209,4996,22989
results/potlll/ndim30seed4cnt1000dim30delta1.txt,1237.177,5118,22837
results/potlll/ndim35seed0cnt1000dim35delta0.98999995.txt,3378.159,6954,32454
results/potlll/ndim35seed0cnt1000dim35delta1.txt,3264.857,7512,34158
results/potlll/ndim35seed1cnt1000dim35delta0.98999995.txt,3511.967,6550,30183
results/potlll/ndim35seed1cnt1000dim35delta1.txt,3060.51,6863,30941
results/potlll/ndim35seed2cnt1000dim35delta0.98999995.txt,2669.622,6018,28112
results/potlll/ndim35seed2cnt1000dim35delta1.txt,2668.151,6480,28978
results/potlll/ndim35seed3cnt1000dim35delta0.98999995.txt,3038.271,6652,31231
results/potlll/ndim35seed3cnt1000dim35delta1.txt,2895.677,6984,31566
results/potlll/ndim35seed4cnt1000dim35delta0.98999995.txt,2762.406,6610,30597
results/potlll/ndim35seed4cnt1000dim35delta1.txt,2958.772,6899,31122
results/potlll/ndim40seed0cnt1000dim40delta0.98999995.txt,5559.42,7869,36951
results/potlll/ndim40seed0cnt1000dim40delta1.txt,6440.258,8372,38051
results/potlll/ndim45seed0cnt1000dim45delta0.98999995.txt,8338.808,9176,43245
results/potlll/ndim45seed0cnt1000dim45delta1.txt,8855.072,9676,43542
results/potlll/ndim45seed1cnt1000dim45delta0.98999995.txt,9653.412,9733,45415
results/potlll/ndim45seed1cnt1000dim45delta1.txt,9506.762,10021,45128
results/potlll/ndim45seed2cnt1000dim45delta0.98999995.txt,9534.017,9574,45185
results/potlll/ndim45seed2cnt1000dim45delta1.txt,10018.913,10556,47354
results/potlll/ndim45seed3cnt1000dim45delta0.98999995.txt,9699.323,9934,46228
results/potlll/ndim45seed3cnt1000dim45delta1.txt,10023.323,10093,45558
results/potlll/ndim45seed4cnt1000dim45delta0.98999995.txt,9011.623,8881,41555
results/potlll/ndim45seed4cnt1000dim45delta1.txt,9395.175,9635,43896
results/potlll/svpchallengedim40seed0dim10delta0.98999995.txt,13.928,706,2355
results/potlll/svpchallengedim40seed0dim10delta1.txt,13.981,726,2387
results/potlll/svpchallengedim40seed0dim15delta0.98999995.txt,121.411,1570,6174
results/potlll/svpchallengedim40seed0dim15delta1.txt,126.051,1611,6240
results/potlll/svpchallengedim40seed0dim20delta0.98999995.txt,555.638,2860,12031
results/potlll/svpchallengedim40seed0dim20delta1.txt,576.028,3009,12343
results/potlll/svpchallengedim40seed0dim25delta0.98999995.txt,1825.154,4605,20007
results/potlll/svpchallengedim40seed0dim25delta1.txt,1931.435,4872,20703
results/potlll/svpchallengedim40seed0dim30delta0.98999995.txt,4383.288,6640,29283
results/potlll/svpchallengedim40seed0dim30delta1.txt,4689.686,6933,30022
results/potlll/svpchallengedim40seed0dim35delta0.98999995.txt,9319.02,8897,39705
results/potlll/svpchallengedim40seed0dim35delta1.txt,10067.418,9487,41380
results/potlll/svpchallengedim40seed0dim40delta0.98999995.txt,18540.373,11530,52237
results/potlll/svpchallengedim40seed0dim40delta1.txt,19937.162,12232,53777
results/potlll/svpchallengedim40seed1dim10delta0.98999995.txt,13.852,766,2475
results/potlll/svpchallengedim40seed1dim10delta1.txt,14.57,785,2522
results/potlll/svpchallengedim40seed1dim15delta0.98999995.txt,107.967,1555,5980
results/potlll/svpchallengedim40seed1dim15delta1.txt,110.741,1612,6096
results/potlll/svpchallengedim40seed1dim20delta0.98999995.txt,521.753,2868,11907
results/potlll/svpchallengedim40seed1dim20delta1.txt,542.454,3032,12284
results/potlll/svpchallengedim40seed1dim25delta0.98999995.txt,1698.429,4574,19861
results/potlll/svpchallengedim40seed1dim25delta1.txt,1774.83,4881,20485
results/potlll/svpchallengedim40seed1dim30delta0.98999995.txt,4285.709,6751,29938
results/potlll/svpchallengedim40seed1dim30delta1.txt,4388.704,7138,30441
results/potlll/svpchallengedim40seed1dim35delta0.98999995.txt,9911.388,9191,41276
results/potlll/svpchallengedim40seed1dim35delta1.txt,10142.663,9695,41907
results/potlll/svpchallengedim40seed1dim40delta0.98999995.txt,18760.47,11690,52789
results/potlll/svpchallengedim40seed1dim40delta1.txt,19182.984,12246,53386
results/potlll/svpchallengedim40seed2dim10delta0.98999995.txt,13.842,743,2560
results/potlll/svpchallengedim40seed2dim10delta1.txt,14.245,761,2591
results/potlll/svpchallengedim40seed2dim15delta0.98999995.txt,109.756,1556,6136
results/potlll/svpchallengedim40seed2dim15delta1.txt,111.42,1597,6219
results/potlll/svpchallengedim40seed2dim20delta0.98999995.txt,529.833,2896,12347
results/potlll/svpchallengedim40seed2dim20delta1.txt,559.529,3049,12719
results/potlll/svpchallengedim40seed2dim25delta0.98999995.txt,1695.981,4394,19406
results/potlll/svpchallengedim40seed2dim25delta1.txt,1691.687,4700,20075
results/potlll/svpchallengedim40seed2dim30delta0.98999995.txt,4248.305,6473,29065
results/potlll/svpchallengedim40seed2dim30delta1.txt,4437.65,6977,30170
results/potlll/svpchallengedim40seed2dim35delta0.98999995.txt,9372.847,8797,39957
results/potlll/svpchallengedim40seed2dim35delta1.txt,9948.731,9486,41292
results/potlll/svpchallengedim40seed2dim40delta0.98999995.txt,17930.523,11119,50897
results/potlll/svpchallengedim40seed2dim40delta1.txt,18731.244,12213,53585
results/potlll/svpchallengedim40seed3dim10delta0.98999995.txt,14.618,757,2577
results/potlll/svpchallengedim40seed3dim10delta1.txt,15.029,767,2600
results/potlll/svpchallengedim40seed3dim15delta0.98999995.txt,116.647,1608,6345
results/potlll/svpchallengedim40seed3dim15delta1.txt,121.572,1650,6481
results/potlll/svpchallengedim40seed3dim20delta0.98999995.txt,592.733,2826,11991
results/potlll/svpchallengedim40seed3dim20delta1.txt,571.451,2948,12319
results/potlll/svpchallengedim40seed3dim25delta0.98999995.txt,1914.992,4405,19361
results/potlll/svpchallengedim40seed3dim25delta1.txt,2017.747,4556,19595
results/potlll/svpchallengedim40seed3dim30delta0.98999995.txt,4192.53,6418,28651
results/potlll/svpchallengedim40seed3dim30delta1.txt,4351.468,6772,29577
results/potlll/svpchallengedim40seed3dim35delta0.98999995.txt,11734.323,8741,39473
results/potlll/svpchallengedim40seed3dim35delta1.txt,9466.988,9213,40493
results/potlll/svpchallengedim40seed3dim40delta0.98999995.txt,18257.865,11321,51527
results/potlll/svpchallengedim40seed3dim40delta1.txt,22815.443,11964,53003
results/potlll/svpchallengedim40seed4dim10delta0.98999995.txt,14.37,742,2474
results/potlll/svpchallengedim40seed4dim10delta1.txt,15.859,773,2542
results/potlll/svpchallengedim40seed4dim15delta0.98999995.txt,122.12,1600,6303
results/potlll/svpchallengedim40seed4dim15delta1.txt,122.525,1661,6418
results/potlll/svpchallengedim40seed4dim20delta0.98999995.txt,569.455,2976,12615
results/potlll/svpchallengedim40seed4dim20delta1.txt,594.573,3164,13033
results/potlll/svpchallengedim40seed4dim25delta0.98999995.txt,1734.297,4555,20000
results/potlll/svpchallengedim40seed4dim25delta1.txt,1812.076,4876,20731
results/potlll/svpchallengedim40seed4dim30delta0.98999995.txt,4311.467,6570,29384
results/potlll/svpchallengedim40seed4dim30delta1.txt,4546.527,7124,30755
results/potlll/svpchallengedim40seed4dim35delta0.98999995.txt,9829.259,9031,40807
results/potlll/svpchallengedim40seed4dim35delta1.txt,9941.12,9623,41945
results/potlll/svpchallengedim40seed4dim40delta0.98999995.txt,19637.8,11608,52661
results/potlll/svpchallengedim40seed4dim40delta1.txt,18719.887,12277,53907
results/s2lll/ndim10seed0cnt1000dim10delta0.98999995.txt,2.728,240,1301
results/s2lll/ndim10seed0cnt1000dim10delta1.txt,3.947,498,1924
results/s2lll/ndim10seed1cnt1000dim10delta0.98999995.txt,2.766,251,1351
results/s2lll/ndim10seed1cnt1000dim10delta1.txt,3.813,499,1987
results/s2lll/ndim10seed2cnt1000dim10delta0.98999995.txt,2.371,215,1201
results/s2lll/ndim10seed2cnt1000dim10delta1.txt,3.342,428,1737
results/s2lll/ndim10seed3cnt1000dim10delta0.98999995.txt,2.379,237,1256
results/s2lll/ndim10seed3cnt1000dim10delta1.txt,3.418,432,1720
results/s2lll/ndim10seed4cnt1000dim10delta0.98999995.txt,2.999,253,1388
results/s2lll/ndim10seed4cnt1000dim10delta1.txt,4.443,514,2064
results/s2lll/ndim15seed0cnt1000dim15delta0.98999995.txt,21.083,341,2649
results/s2lll/ndim15seed0cnt1000dim15delta1.txt,33.937,1060,4568
results/s2lll/ndim15seed1cnt1000dim15delta0.98999995.txt,20.475,345,2735
results/s2lll/ndim15seed1cnt1000dim15delta1.txt,36.529,1154,4894
results/s2lll/ndim15seed2cnt1000dim15delta0.98999995.txt,17.087,328,2634
results/s2lll/ndim15seed2cnt1000dim15delta1.txt,36.247,1107,4764
results/s2lll/ndim15seed3cnt1000dim15delta0.98999995.txt,22.463,360,2934
results/s2lll/ndim15seed3cnt1000dim15delta1.txt,39.458,1198,5196
results/s2lll/ndim15seed4cnt1000dim15delta0.98999995.txt,21.775,312,2490
results/s2lll/ndim15seed4cnt1000dim15delta1.txt,35.218,1029,4419
results/s2lll/ndim20seed0cnt1000dim20delta0.98999995.txt,79.542,423,4370
results/s2lll/ndim20seed0cnt1000dim20delta1.txt,180.088,2044,9039
results/s2lll/ndim20seed1cnt1000dim20delta0.98999995.txt,117.74,446,4629
results/s2lll/ndim20seed1cnt1000dim20delta1.txt,197.51,2203,9665
results/s2lll/ndim20seed2cnt1000dim20delta0.98999995.txt,73.147,452,4580
results/s2lll/ndim20seed2cnt1000dim20delta1.txt,179.619,2249,9970
results/s2lll/ndim20seed3cnt1000dim20delta0.98999995.txt,59.556,396,4131
results/s2lll/ndim20seed3cnt1000dim20delta1.txt,124.463,1933,8612
results/s2lll/ndim20seed4cnt1000dim20delta0.98999995.txt,68.647,434,4357
results/s2lll/ndim20seed4cnt1000dim20delta1.txt,137.519,2011,8959
results/s2lll/ndim25seed0cnt1000dim25delta0.98999995.txt,188.209,494,6296
results/s2lll/ndim25seed0cnt1000dim25delta1.txt,462.967,3264,14838
results/s2lll/ndim25seed1cnt1000dim25delta0.98999995.txt,186.056,483,6243
results/s2lll/ndim25seed1cnt1000dim25delta1.txt,599.217,3319,15049
results/s2lll/ndim25seed2cnt1000dim25delta0.98999995.txt,216.099,484,6026
results/s2lll/ndim25seed2cnt1000dim25delta1.txt,443.531,3178,14434
results/s2lll/ndim25seed3cnt1000dim25delta0.98999995.txt,198.073,477,6108
results/s2lll/ndim25seed3cnt1000dim25delta1.txt,448.52,3235,14584
results/s2lll/ndim25seed4cnt1000dim25delta0.98999995.txt,220.615,480,5990
results/s2lll/ndim25seed4cnt1000dim25delta1.txt,497.471,3298,14973
results/s2lll/ndim30seed0cnt1000dim30delta0.98999995.txt,420.913,534,8011
results/s2lll/ndim30seed0cnt1000dim30delta1.txt,1124.748,4540,20528
results/s2lll/ndim30seed1cnt1000dim30delta0.98999995.txt,382.529,503,7583
results/s2lll/ndim30seed1cnt1000dim30delta1.txt,1044.78,4231,19435
results/s2lll/ndim30seed2cnt1000dim30delta0.98999995.txt,441.13,544,8145
results/s2lll/ndim30seed2cnt1000dim30delta1.txt,1240.853,4832,22161
results/s2lll/ndim30seed3cnt1000dim30delta0.98999995.txt,450.155,549,8188
results/s2lll/ndim30seed3cnt1000dim30delta1.txt,1193.919,4610,20957
results/s2lll/ndim30seed4cnt1000dim30delta0.98999995.txt,418.01,525,7979
results/s2lll/ndim30seed4cnt1000dim30delta1.txt,1199.125,4638,21055
results/s2lll/ndim35seed0cnt1000dim35delta0.98999995.txt,1053.333,582,10298
results/s2lll/ndim35seed0cnt1000dim35delta1.txt,3035.334,6624,30723
results/s2lll/ndim35seed1cnt1000dim35delta0.98999995.txt,1081.086,560,9529
results/s2lll/ndim35seed1cnt1000dim35delta1.txt,2720.709,5896,27220
results/s2lll/ndim35seed2cnt1000dim35delta0.98999995.txt,843.667,530,9270
results/s2lll/ndim35seed2cnt1000dim35delta1.txt,2536.409,5888,27244
results/s2lll/ndim35seed3cnt1000dim35delta0.98999995.txt,855.517,550,9679
results/s2lll/ndim35seed3cnt1000dim35delta1.txt,2682.692,6259,28834
results/s2lll/ndim35seed4cnt1000dim35delta0.98999995.txt,894.896,579,9851
results/s2lll/ndim35seed4cnt1000dim35delta1.txt,2680.404,6299,28965
results/s2lll/ndim40seed0cnt1000dim40delta0.98999995.txt,1579.953,572,11161
results/s2lll/ndim40seed0cnt1000dim40delta1.txt,5677,7513,34924
results/s2lll/ndim45seed0cnt1000dim45delta0.98999995.txt,2371.49,584,12658
results/s2lll/ndim45seed0cnt1000dim45delta1.txt,8138.621,8705,40677
results/s2lll/ndim45seed1cnt1000dim45delta0.98999995.txt,2589.642,598,12742
results/s2lll/ndim45seed1cnt1000dim45delta1.txt,9359.319,9346,43131
results/s2lll/ndim45seed2cnt1000dim45delta0.98999995.txt,2544.447,591,12837
results/s2lll/ndim45seed2cnt1000dim45delta1.txt,9236.419,9455,44038
results/s2lll/ndim45seed3cnt1000dim45delta0.98999995.txt,2650.588,615,13344
results/s2lll/ndim45seed3cnt1000dim45delta1.txt,9341.175,9507,43938
results/s2lll/ndim45seed4cnt1000dim45delta0.98999995.txt,2439.476,559,12413
results/s2lll/ndim45seed4cnt1000dim45delta1.txt,8727.085,8685,39694
results/s2lll/svpchallengedim40seed0dim10delta0.98999995.txt,10.308,484,1778
results/s2lll/svpchallengedim40seed0dim10delta1.txt,14.063,720,2354
results/s2lll/svpchallengedim40seed0dim15delta0.98999995.txt,62.791,710,3810
results/s2lll/svpchallengedim40seed0dim15delta1.txt,119.268,1598,6180
results/s2lll/svpchallengedim40seed0dim20delta0.98999995.txt,244.172,903,6258
results/s2lll/svpchallengedim40seed0dim20delta1.txt,545.959,2830,11752
results/s2lll/svpchallengedim40seed0dim25delta0.98999995.txt,669.112,1077,8990
results/s2lll/svpchallengedim40seed0dim25delta1.txt,1815.966,4591,19772
results/s2lll/svpchallengedim40seed0dim30delta0.98999995.txt,1343.232,1218,11643
results/s2lll/svpchallengedim40seed0dim30delta1.txt,4369.567,6439,28184
results/s2lll/svpchallengedim40seed0dim35delta0.98999995.txt,2655.674,1340,14354
results/s2lll/svpchallengedim40seed0dim35delta1.txt,9080.727,8569,38060
results/s2lll/svpchallengedim40seed0dim40delta0.98999995.txt,5346.844,1449,17163
results/s2lll/svpchallengedim40seed0dim40delta1.txt,17622.746,11010,49407
results/s2lll/svpchallengedim40seed1dim10delta0.98999995.txt,9.144,485,1811
results/s2lll/svpchallengedim40seed1dim10delta1.txt,14.487,778,2487
results/s2lll/svpchallengedim40seed1dim15delta0.98999995.txt,57.084,696,3669
results/s2lll/svpchallengedim40seed1dim15delta1.txt,117.718,1564,5965
results/s2lll/svpchallengedim40seed1dim20delta0.98999995.txt,225.085,889,6076
results/s2lll/svpchallengedim40seed1dim20delta1.txt,512.816,2841,11698
results/s2lll/svpchallengedim40seed1dim25delta0.98999995.txt,608.349,1061,8738
results/s2lll/svpchallengedim40seed1dim25delta1.txt,1704.469,4476,19126
results/s2lll/svpchallengedim40seed1dim30delta0.98999995.txt,1332.619,1212,11672
results/s2lll/svpchallengedim40seed1dim30delta1.txt,4030.489,6512,28438
results/s2lll/svpchallengedim40seed1dim35delta0.98999995.txt,2737.809,1333,14483
results/s2lll/svpchallengedim40seed1dim35delta1.txt,8966.206,8548,37818
results/s2lll/svpchallengedim40seed1dim40delta0.98999995.txt,5013.405,1447,17501
results/s2lll/svpchallengedim40seed1dim40delta1.txt,17729.45,10923,48817
results/s2lll/svpchallengedim40seed2dim10delta0.98999995.txt,9.756,488,1939
results/s2lll/svpchallengedim40seed2dim10delta1.txt,14.09,748,2560
results/s2lll/svpchallengedim40seed2dim15delta0.98999995.txt,56.995,686,3735
results/s2lll/svpchallengedim40seed2dim15delta1.txt,108.284,1539,6024
results/s2lll/svpchallengedim40seed2dim20delta0.98999995.txt,221.743,885,6213
results/s2lll/svpchallengedim40seed2dim20delta1.txt,513.63,2831,11886
results/s2lll/svpchallengedim40seed2dim25delta0.98999995.txt,623.132,1040,8655
results/s2lll/svpchallengedim40seed2dim25delta1.txt,1544.207,4215,18183
results/s2lll/svpchallengedim40seed2dim30delta0.98999995.txt,1323.096,1183,11365
results/s2lll/svpchallengedim40seed2dim30delta1.txt,3936.738,6194,27145
results/s2lll/svpchallengedim40seed2dim35delta0.98999995.txt,2664.679,1316,14447
results/s2lll/svpchallengedim40seed2dim35delta1.txt,8670.146,8274,36710
results/s2lll/svpchallengedim40seed2dim40delta0.98999995.txt,4977.255,1421,17287
results/s2lll/svpchallengedim40seed2dim40delta1.txt,17492.424,10471,46865
results/s2lll/svpchallengedim40seed3dim10delta0.98999995.txt,9.724,480,1870
results/s2lll/svpchallengedim40seed3dim10delta1.txt,14.824,760,2573
results/s2lll/svpchallengedim40seed3dim15delta0.98999995.txt,62.768,696,3894
results/s2lll/svpchallengedim40seed3dim15delta1.txt,121.256,1633,6424
results/s2lll/svpchallengedim40seed3dim20delta0.98999995.txt,250.549,871,6063
results/s2lll/svpchallengedim40seed3dim20delta1.txt,574.507,2836,11917
results/s2lll/svpchallengedim40seed3dim25delta0.98999995.txt,709.216,1046,8886
results/s2lll/svpchallengedim40seed3dim25delta1.txt,1944.027,4366,18935
results/s2lll/svpchallengedim40seed3dim30delta0.98999995.txt,1347.325,1184,11598
results/s2lll/svpchallengedim40seed3dim30delta1.txt,3990.999,6284,27748
results/s2lll/svpchallengedim40seed3dim35delta0.98999995.txt,3379.01,1314,14519
results/s2lll/svpchallengedim40seed3dim35delta1.txt,11565.066,8513,37738
results/s2lll/svpchallengedim40seed3dim40delta0.98999995.txt,4696.228,1419,17200
results/s2lll/svpchallengedim40seed3dim40delta1.txt,18496.412,10825,48504
results/s2lll/svpchallengedim40seed4dim10delta0.98999995.txt,9.86,482,1854
results/s2lll/svpchallengedim40seed4dim10delta1.txt,15.374,762,2522
results/s2lll/svpchallengedim40seed4dim15delta0.98999995.txt,66.042,704,3853
results/s2lll/svpchallengedim40seed4dim15delta1.txt,122.547,1588,6205
results/s2lll/svpchallengedim40seed4dim20delta0.98999995.txt,234.507,892,6176
results/s2lll/svpchallengedim40seed4dim20delta1.txt,546.045,2903,12112
results/s2lll/svpchallengedim40seed4dim25delta0.98999995.txt,686.841,1072,8945
results/s2lll/svpchallengedim40seed4dim25delta1.txt,1710.168,4535,19592
results/s2lll/svpchallengedim40seed4dim30delta0.98999995.txt,1404.61,1226,11883
results/s2lll/svpchallengedim40seed4dim30delta1.txt,4107.316,6398,28163
results/s2lll/svpchallengedim40seed4dim35delta0.98999995.txt,2800.732,1353,14797
results/s2lll/svpchallengedim40seed4dim35delta1.txt,9168.56,8593,38384
results/s2lll/svpchallengedim40seed4dim40delta0.98999995.txt,5495.604,1465,17761
results/s2lll/svpchallengedim40seed4dim40delta1.txt,16867.914,10940,49266
